,datetime,load
48000,16-05-2019 00:00,1989.488
48001,16-05-2019 00:15,1964.9808
48002,16-05-2019 00:30,1936.5588
48003,16-05-2019 00:45,1905.5388
48004,16-05-2019 01:00,1873.2528
48005,16-05-2019 01:15,1840.9219
48006,16-05-2019 01:30,1808.2367
48007,16-05-2019 01:45,1776.0789
48008,16-05-2019 02:00,1745.3607
48009,16-05-2019 02:15,1716.9097
48010,16-05-2019 02:30,1691.4025
48011,16-05-2019 02:45,1669.3499
48012,16-05-2019 03:00,1650.9756
48013,16-05-2019 03:15,1636.1963
48014,16-05-2019 03:30,1625.3743
48015,16-05-2019 03:45,1618.227
48016,16-05-2019 04:00,1613.8475
48017,16-05-2019 04:15,1609.7877
48018,16-05-2019 04:30,1603.2722
48019,16-05-2019 04:45,1594.9692
48020,16-05-2019 05:00,1585.4985
48021,16-05-2019 05:15,1575.3784
48022,16-05-2019 05:30,1564.5825
48023,16-05-2019 05:45,1552.9753
48024,16-05-2019 06:00,1540.6562
48025,16-05-2019 06:15,1528.4999
48026,16-05-2019 06:30,1518.8325
48027,16-05-2019 06:45,1512.8888
48028,16-05-2019 07:00,1511.2244
48029,16-05-2019 07:15,1513.5753
48030,16-05-2019 07:30,1519.0582
48031,16-05-2019 07:45,1526.1753
48032,16-05-2019 08:00,1533.8577
48033,16-05-2019 08:15,1541.913
48034,16-05-2019 08:30,1551.1377
48035,16-05-2019 08:45,1562.9218
48036,16-05-2019 09:00,1578.2347
48037,16-05-2019 09:15,1596.2744
48038,16-05-2019 09:30,1613.5
48039,16-05-2019 09:45,1624.9464
48040,16-05-2019 10:00,1614.6992
48041,16-05-2019 10:15,1586.1473
48042,16-05-2019 10:30,1623.5765
48043,16-05-2019 10:45,1705.7834
48044,16-05-2019 11:00,1769.7904
48045,16-05-2019 11:15,1795.18
48046,16-05-2019 11:30,1813.4434
48047,16-05-2019 11:45,1830.2502
48048,16-05-2019 12:00,1845.7286
48049,16-05-2019 12:15,1860.2988
48050,16-05-2019 12:30,1876.4391
48051,16-05-2019 12:45,1895.2434
48052,16-05-2019 13:00,1917.5792
48053,16-05-2019 13:15,1944.394
48054,16-05-2019 13:30,1974.7335
48055,16-05-2019 13:45,2007.549
48056,16-05-2019 14:00,2041.691
48057,16-05-2019 14:15,2075.6948
48058,16-05-2019 14:30,2106.5203
48059,16-05-2019 14:45,2132.6665
48060,16-05-2019 15:00,2153.054
48061,16-05-2019 15:15,2166.8916
48062,16-05-2019 15:30,2173.107
48063,16-05-2019 15:45,2170.2505
48064,16-05-2019 16:00,2157.0674
48065,16-05-2019 16:15,2132.978
48066,16-05-2019 16:30,2098.9165
48067,16-05-2019 16:45,2056.2788
48068,16-05-2019 17:00,2006.7057
48069,16-05-2019 17:15,1952.2113
48070,16-05-2019 17:30,1896.8562
48071,16-05-2019 17:45,1844.3445
48072,16-05-2019 18:00,1798.0541
48073,16-05-2019 18:15,1759.716
48074,16-05-2019 18:30,1729.4467
48075,16-05-2019 18:45,1706.4093
48076,16-05-2019 19:00,1689.2571
48077,16-05-2019 19:15,1676.5253
48078,16-05-2019 19:30,1666.9263
48079,16-05-2019 19:45,1659.361
48080,16-05-2019 20:00,1652.958
48081,16-05-2019 20:15,1647.0475
48082,16-05-2019 20:30,1640.5636
48083,16-05-2019 20:45,1632.9247
48084,16-05-2019 21:00,1623.7255
48085,16-05-2019 21:15,1612.687
48086,16-05-2019 21:30,1597.9534
48087,16-05-2019 21:45,1579.1185
48088,16-05-2019 22:00,1556.2554
48089,16-05-2019 22:15,1530.018
48090,16-05-2019 22:30,1501.7339
48091,16-05-2019 22:45,1473.5085
48092,16-05-2019 23:00,1447.7085
48093,16-05-2019 23:15,1424.5367
48094,16-05-2019 23:30,1392.0082
48095,16-05-2019 23:45,1358.1307
48096,17-05-2019 00:00,1323.1572
48097,17-05-2019 00:15,1302.4773
48098,17-05-2019 00:30,1285.2336
48099,17-05-2019 00:45,1271.4103
48100,17-05-2019 01:00,1260.9562
48101,17-05-2019 01:15,1253.8252
48102,17-05-2019 01:30,1250.0872
48103,17-05-2019 01:45,1249.7035
48104,17-05-2019 02:00,1252.5999
48105,17-05-2019 02:15,1258.5231
48106,17-05-2019 02:30,1266.769
48107,17-05-2019 02:45,1276.7189
48108,17-05-2019 03:00,1287.7498
48109,17-05-2019 03:15,1299.2343
48110,17-05-2019 03:30,1310.5183
48111,17-05-2019 03:45,1321.1628
48112,17-05-2019 04:00,1330.7689
48113,17-05-2019 04:15,1339.0726
48114,17-05-2019 04:30,1346.2676
48115,17-05-2019 04:45,1352.5591
48116,17-05-2019 05:00,1358.464
48117,17-05-2019 05:15,1364.4475
48118,17-05-2019 05:30,1369.6709
48119,17-05-2019 05:45,1373.9095
48120,17-05-2019 06:00,1377.1792
48121,17-05-2019 06:15,1379.6438
48122,17-05-2019 06:30,1381.6796
48123,17-05-2019 06:45,1383.3499
48124,17-05-2019 07:00,1384.69
48125,17-05-2019 07:15,1385.7288
48126,17-05-2019 07:30,1386.7678
48127,17-05-2019 07:45,1388.0748
48128,17-05-2019 08:00,1389.9473
48129,17-05-2019 08:15,1392.5172
48130,17-05-2019 08:30,1395.1488
48131,17-05-2019 08:45,1397.4626
48132,17-05-2019 09:00,1398.7656
48133,17-05-2019 09:15,1398.9766
48134,17-05-2019 09:30,1398.3988
48135,17-05-2019 09:45,1396.2157
48136,17-05-2019 10:00,1396.429
48137,17-05-2019 10:15,1396.9652
48138,17-05-2019 10:30,1397.8035
48139,17-05-2019 10:45,1400.27
48140,17-05-2019 11:00,1405.4951
48141,17-05-2019 11:15,1414.4058
48142,17-05-2019 11:30,1425.286
48143,17-05-2019 11:45,1437.7963
48144,17-05-2019 12:00,1450.9484
48145,17-05-2019 12:15,1464.1094
48146,17-05-2019 12:30,1476.0842
48147,17-05-2019 12:45,1485.6624
48148,17-05-2019 13:00,1492.2286
48149,17-05-2019 13:15,1496.1578
48150,17-05-2019 13:30,1498.7362
48151,17-05-2019 13:45,1497.9078
48152,17-05-2019 14:00,1489.5769
48153,17-05-2019 14:15,1475.6552
48154,17-05-2019 14:30,1464.0026
48155,17-05-2019 14:45,1456.1775
48156,17-05-2019 15:00,1451.7874
48157,17-05-2019 15:15,1451.0967
48158,17-05-2019 15:30,1454.3563
48159,17-05-2019 15:45,1460.1171
48160,17-05-2019 16:00,1467.1836
48161,17-05-2019 16:15,1474.864
48162,17-05-2019 16:30,1483.4119
48163,17-05-2019 16:45,1492.6449
48164,17-05-2019 17:00,1502.5588
48165,17-05-2019 17:15,1512.9136
48166,17-05-2019 17:30,1520.75
48167,17-05-2019 17:45,1526.4338
48168,17-05-2019 18:00,1530.5264
48169,17-05-2019 18:15,1533.7528
48170,17-05-2019 18:30,1536.198
48171,17-05-2019 18:45,1538.1372
48172,17-05-2019 19:00,1539.6267
48173,17-05-2019 19:15,1540.6794
48174,17-05-2019 19:30,1541.4205
48175,17-05-2019 19:45,1541.5096
48176,17-05-2019 20:00,1540.2185
48177,17-05-2019 20:15,1536.9408
48178,17-05-2019 20:30,1533.9778
48179,17-05-2019 20:45,1531.2908
48180,17-05-2019 21:00,1529.319
48181,17-05-2019 21:15,1529.1344
48182,17-05-2019 21:30,1528.4243
48183,17-05-2019 21:45,1527.4746
48184,17-05-2019 22:00,1526.6741
48185,17-05-2019 22:15,1526.4504
48186,17-05-2019 22:30,1526.1027
48187,17-05-2019 22:45,1525.6985
48188,17-05-2019 23:00,1525.3412
48189,17-05-2019 23:15,1523.0037
48190,17-05-2019 23:30,1521.2294
48191,17-05-2019 23:45,1517.6198
48192,18-05-2019 00:00,1513.5287
48193,18-05-2019 00:15,1509.4915
48194,18-05-2019 00:30,1504.9587
48195,18-05-2019 00:45,1499.863
48196,18-05-2019 01:00,1494.0477
48197,18-05-2019 01:15,1487.2516
48198,18-05-2019 01:30,1479.7749
48199,18-05-2019 01:45,1471.7294
48200,18-05-2019 02:00,1463.2083
48201,18-05-2019 02:15,1454.3118
48202,18-05-2019 02:30,1444.8687
48203,18-05-2019 02:45,1434.671
48204,18-05-2019 03:00,1423.4526
48205,18-05-2019 03:15,1410.9188
48206,18-05-2019 03:30,1397.8639
48207,18-05-2019 03:45,1384.8479
48208,18-05-2019 04:00,1372.4645
48209,18-05-2019 04:15,1361.3289
48210,18-05-2019 04:30,1351.3408
48211,18-05-2019 04:45,1342.6237
48212,18-05-2019 05:00,1335.2396
48213,18-05-2019 05:15,1329.3506
48214,18-05-2019 05:30,1325.2908
48215,18-05-2019 05:45,1323.4181
48216,18-05-2019 06:00,1324.0829
48217,18-05-2019 06:15,1327.4965
48218,18-05-2019 06:30,1334.4159
48219,18-05-2019 06:45,1345.1433
48220,18-05-2019 07:00,1359.7256
48221,18-05-2019 07:15,1378.2745
48222,18-05-2019 07:30,1398.7638
48223,18-05-2019 07:45,1420.4551
48224,18-05-2019 08:00,1442.0514
48225,18-05-2019 08:15,1462.4021
48226,18-05-2019 08:30,1481.3192
48227,18-05-2019 08:45,1498.9365
48228,18-05-2019 09:00,1515.7207
48229,18-05-2019 09:15,1532.2753
48230,18-05-2019 09:30,1549.5364
48231,18-05-2019 09:45,1568.0028
48232,18-05-2019 10:00,1587.7295
48233,18-05-2019 10:15,1608.3243
48234,18-05-2019 10:30,1629.1492
48235,18-05-2019 10:45,1649.8953
48236,18-05-2019 11:00,1670.3673
48237,18-05-2019 11:15,1690.2906
48238,18-05-2019 11:30,1709.6937
48239,18-05-2019 11:45,1728.8691
48240,18-05-2019 12:00,1748.0217
48241,18-05-2019 12:15,1767.089
48242,18-05-2019 12:30,1785.7139
48243,18-05-2019 12:45,1803.4344
48244,18-05-2019 13:00,1819.6594
48245,18-05-2019 13:15,1833.9076
48246,18-05-2019 13:30,1846.6335
48247,18-05-2019 13:45,1857.3896
48248,18-05-2019 14:00,1866.0676
48249,18-05-2019 14:15,1873.0023
48250,18-05-2019 14:30,1877.0063
48251,18-05-2019 14:45,1878.3461
48252,18-05-2019 15:00,1877.3354
48253,18-05-2019 15:15,1874.0945
48254,18-05-2019 15:30,1868.7097
48255,18-05-2019 15:45,1861.4702
48256,18-05-2019 16:00,1852.4423
48257,18-05-2019 16:15,1841.178
48258,18-05-2019 16:30,1827.2677
48259,18-05-2019 16:45,1811.4388
48260,18-05-2019 17:00,1794.6726
48261,18-05-2019 17:15,1778.4412
48262,18-05-2019 17:30,1765.0948
48263,18-05-2019 17:45,1754.366
48264,18-05-2019 18:00,1745.9003
48265,18-05-2019 18:15,1739.4281
48266,18-05-2019 18:30,1734.8755
48267,18-05-2019 18:45,1732.3081
48268,18-05-2019 19:00,1732.0121
48269,18-05-2019 19:15,1734.421
48270,18-05-2019 19:30,1739.7217
48271,18-05-2019 19:45,1748.2894
48272,18-05-2019 20:00,1760.0348
48273,18-05-2019 20:15,1774.4762
48274,18-05-2019 20:30,1791.0177
48275,18-05-2019 20:45,1809.1666
48276,18-05-2019 21:00,1828.3983
48277,18-05-2019 21:15,1847.9749
48278,18-05-2019 21:30,1867.2064
48279,18-05-2019 21:45,1885.3685
48280,18-05-2019 22:00,1901.5938
48281,18-05-2019 22:15,1914.8564
48282,18-05-2019 22:30,1923.7432
48283,18-05-2019 22:45,1926.997
48284,18-05-2019 23:00,1924.2614
48285,18-05-2019 23:15,1916.1846
48286,18-05-2019 23:30,1899.9551
48287,18-05-2019 23:45,1874.6736
48288,19-05-2019 00:00,1842.1046
48289,19-05-2019 00:15,1808.4547
48290,19-05-2019 00:30,1773.191
48291,19-05-2019 00:45,1737.8928
48292,19-05-2019 01:00,1703.6166
48293,19-05-2019 01:15,1671.1049
48294,19-05-2019 01:30,1641.7026
48295,19-05-2019 01:45,1615.5963
48296,19-05-2019 02:00,1592.5522
48297,19-05-2019 02:15,1571.9968
48298,19-05-2019 02:30,1553.0559
48299,19-05-2019 02:45,1535.1633
48300,19-05-2019 03:00,1518.0011
48301,19-05-2019 03:15,1501.4495
48302,19-05-2019 03:30,1485.3275
48303,19-05-2019 03:45,1469.5183
48304,19-05-2019 04:00,1453.9371
48305,19-05-2019 04:15,1438.5878
48306,19-05-2019 04:30,1423.7501
48307,19-05-2019 04:45,1409.7325
48308,19-05-2019 05:00,1396.806
48309,19-05-2019 05:15,1385.06
48310,19-05-2019 05:30,1374.3708
48311,19-05-2019 05:45,1364.5292
48312,19-05-2019 06:00,1355.4137
48313,19-05-2019 06:15,1347.0388
48314,19-05-2019 06:30,1339.3938
48315,19-05-2019 06:45,1332.8188
48316,19-05-2019 07:00,1327.7107
48317,19-05-2019 07:15,1324.4474
48318,19-05-2019 07:30,1323.5953
48319,19-05-2019 07:45,1325.6451
48320,19-05-2019 08:00,1330.8464
48321,19-05-2019 08:15,1339.1085
48322,19-05-2019 08:30,1350.1731
48323,19-05-2019 08:45,1363.5411
48324,19-05-2019 09:00,1378.3363
48325,19-05-2019 09:15,1393.1951
48326,19-05-2019 09:30,1408.7719
48327,19-05-2019 09:45,1428.4452
48328,19-05-2019 10:00,1455.8843
48329,19-05-2019 10:15,1490.2831
48330,19-05-2019 10:30,1528.3322
48331,19-05-2019 10:45,1568.2942
48332,19-05-2019 11:00,1609.2451
48333,19-05-2019 11:15,1652.9164
48334,19-05-2019 11:30,1706.8428
48335,19-05-2019 11:45,1777.25
48336,19-05-2019 12:00,1865.1226
48337,19-05-2019 12:15,1957.4374
48338,19-05-2019 12:30,2024.4602
48339,19-05-2019 12:45,2066.4038
48340,19-05-2019 13:00,2090.6812
48341,19-05-2019 13:15,2100.9907
48342,19-05-2019 13:30,2098.2075
48343,19-05-2019 13:45,2086.5667
48344,19-05-2019 14:00,2072.1165
48345,19-05-2019 14:15,2058.9822
48346,19-05-2019 14:30,2046.8942
48347,19-05-2019 14:45,2033.4949
48348,19-05-2019 15:00,2016.5221
48349,19-05-2019 15:15,1994.9105
48350,19-05-2019 15:30,1968.7601
48351,19-05-2019 15:45,1938.8676
48352,19-05-2019 16:00,1906.6266
48353,19-05-2019 16:15,1873.4105
48354,19-05-2019 16:30,1840.7804
48355,19-05-2019 16:45,1809.8016
48356,19-05-2019 17:00,1781.0626
48357,19-05-2019 17:15,1754.4779
48358,19-05-2019 17:30,1729.7526
48359,19-05-2019 17:45,1707.0746
48360,19-05-2019 18:00,1687.0867
48361,19-05-2019 18:15,1670.7218
48362,19-05-2019 18:30,1658.6549
48363,19-05-2019 18:45,1651.3578
48364,19-05-2019 19:00,1648.9304
48365,19-05-2019 19:15,1651.2656
48366,19-05-2019 19:30,1657.5848
48367,19-05-2019 19:45,1667.1991
48368,19-05-2019 20:00,1679.4001
48369,19-05-2019 20:15,1693.557
48370,19-05-2019 20:30,1709.1744
48371,19-05-2019 20:45,1725.7938
48372,19-05-2019 21:00,1743.0016
48373,19-05-2019 21:15,1760.4237
48374,19-05-2019 21:30,1778.1038
48375,19-05-2019 21:45,1795.4265
48376,19-05-2019 22:00,1811.6157
48377,19-05-2019 22:15,1825.9622
48378,19-05-2019 22:30,1838.1807
48379,19-05-2019 22:45,1848.8835
48380,19-05-2019 23:00,1858.3004
48381,19-05-2019 23:15,1863.489
48382,19-05-2019 23:30,1862.433
48383,19-05-2019 23:45,1866.7961
53760,15-07-2019 00:00,1872.2671
53761,15-07-2019 00:15,1866.1139
53762,15-07-2019 00:30,1854.2356
53763,15-07-2019 00:45,1836.7339
53764,15-07-2019 01:00,1815.3049
53765,15-07-2019 01:15,1791.9458
53766,15-07-2019 01:30,1767.7576
53767,15-07-2019 01:45,1743.8837
53768,15-07-2019 02:00,1721.2349
53769,15-07-2019 02:15,1700.6157
53770,15-07-2019 02:30,1681.9108
53771,15-07-2019 02:45,1665.5972
53772,15-07-2019 03:00,1652.0813
53773,15-07-2019 03:15,1641.6233
53774,15-07-2019 03:30,1635.732
53775,15-07-2019 03:45,1636.7618
53776,15-07-2019 04:00,1646.8531
53777,15-07-2019 04:15,1667.4836
53778,15-07-2019 04:30,1697.2124
53779,15-07-2019 04:45,1732.2316
53780,15-07-2019 05:00,1767.9546
53781,15-07-2019 05:15,1800.1063
53782,15-07-2019 05:30,1822.5634
53783,15-07-2019 05:45,1830.2212
53784,15-07-2019 06:00,1821.5312
53785,15-07-2019 06:15,1798.982
53786,15-07-2019 06:30,1768.873
53787,15-07-2019 06:45,1737.1152
53788,15-07-2019 07:00,1707.4431
53789,15-07-2019 07:15,1681.3811
53790,15-07-2019 07:30,1659.9028
53791,15-07-2019 07:45,1641.6328
53792,15-07-2019 08:00,1622.3564
53793,15-07-2019 08:15,1613.2931
53794,15-07-2019 08:30,1614.8295
53795,15-07-2019 08:45,1620.8999
53796,15-07-2019 09:00,1630.6772
53797,15-07-2019 09:15,1644.1749
53798,15-07-2019 09:30,1659.533
53799,15-07-2019 09:45,1676.3672
53800,15-07-2019 10:00,1694.8611
53801,15-07-2019 10:15,1715.3788
53802,15-07-2019 10:30,1738.614
53803,15-07-2019 10:45,1765.2576
53804,15-07-2019 11:00,1795.8336
53805,15-07-2019 11:15,1829.8341
53806,15-07-2019 11:30,1864.8309
53807,15-07-2019 11:45,1898.0397
53808,15-07-2019 12:00,1927.5352
53809,15-07-2019 12:15,1952.9238
53810,15-07-2019 12:30,1974.0264
53811,15-07-2019 12:45,1990.7957
53812,15-07-2019 13:00,2000.3439
53813,15-07-2019 13:15,1999.1714
53814,15-07-2019 13:30,1991.5161
53815,15-07-2019 13:45,1979.402
53816,15-07-2019 14:00,1963.9083
53817,15-07-2019 14:15,1948.6383
53818,15-07-2019 14:30,1935.1677
53819,15-07-2019 14:45,1923.8226
53820,15-07-2019 15:00,1913.1882
53821,15-07-2019 15:15,1901.8644
53822,15-07-2019 15:30,1893.6818
53823,15-07-2019 15:45,1888.0972
53824,15-07-2019 16:00,1885.1205
53825,15-07-2019 16:15,1884.1698
53826,15-07-2019 16:30,1888.3561
53827,15-07-2019 16:45,1896.7008
53828,15-07-2019 17:00,1908.1084
53829,15-07-2019 17:15,1922.1185
53830,15-07-2019 17:30,1936.558
53831,15-07-2019 17:45,1951.5022
53832,15-07-2019 18:00,1967.1874
53833,15-07-2019 18:15,1984.0035
53834,15-07-2019 18:30,2002.094
53835,15-07-2019 18:45,2021.3164
53836,15-07-2019 19:00,2041.4185
53837,15-07-2019 19:15,2062.2202
53838,15-07-2019 19:30,2081.81
53839,15-07-2019 19:45,2099.3857
53840,15-07-2019 20:00,2114.1367
53841,15-07-2019 20:15,2125.1729
53842,15-07-2019 20:30,2131.7324
53843,15-07-2019 20:45,2134.1506
53844,15-07-2019 21:00,2133.1848
53845,15-07-2019 21:15,2129.7915
53846,15-07-2019 21:30,2125.1758
53847,15-07-2019 21:45,2119.8376
53848,15-07-2019 22:00,2114.205
53849,15-07-2019 22:15,2108.599
53850,15-07-2019 22:30,2102.294
53851,15-07-2019 22:45,2094.7876
53852,15-07-2019 23:00,2088.2954
53853,15-07-2019 23:15,2090.1301
53854,15-07-2019 23:30,2073.2837
53855,15-07-2019 23:45,2051.2676
53856,16-07-2019 00:00,2025.6808
53857,16-07-2019 00:15,2009.8495
53858,16-07-2019 00:30,1994.0707
53859,16-07-2019 00:45,1979.2728
53860,16-07-2019 01:00,1965.6809
53861,16-07-2019 01:15,1952.9539
53862,16-07-2019 01:30,1941.5804
53863,16-07-2019 01:45,1930.552
53864,16-07-2019 02:00,1919.0023
53865,16-07-2019 02:15,1906.4886
53866,16-07-2019 02:30,1892.5602
53867,16-07-2019 02:45,1877.8545
53868,16-07-2019 03:00,1864.8104
53869,16-07-2019 03:15,1852.1294
53870,16-07-2019 03:30,1833.932
53871,16-07-2019 03:45,1811.8784
53872,16-07-2019 04:00,1784.7742
53873,16-07-2019 04:15,1753.4644
53874,16-07-2019 04:30,1723.1519
53875,16-07-2019 04:45,1693.9404
53876,16-07-2019 05:00,1665.3115
53877,16-07-2019 05:15,1637.1471
53878,16-07-2019 05:30,1614.6285
53879,16-07-2019 05:45,1596.9517
53880,16-07-2019 06:00,1583.4265
53881,16-07-2019 06:15,1574.1581
53882,16-07-2019 06:30,1565.735
53883,16-07-2019 06:45,1557.5574
53884,16-07-2019 07:00,1549.5835
53885,16-07-2019 07:15,1542.6418
53886,16-07-2019 07:30,1537.615
53887,16-07-2019 07:45,1535.7065
53888,16-07-2019 08:00,1537.6453
53889,16-07-2019 08:15,1543.2876
53890,16-07-2019 08:30,1552.08
53891,16-07-2019 08:45,1562.2998
53892,16-07-2019 09:00,1571.5292
53893,16-07-2019 09:15,1577.9019
53894,16-07-2019 09:30,1580.8632
53895,16-07-2019 09:45,1580.5262
53896,16-07-2019 10:00,1580.2843
53897,16-07-2019 10:15,1578.6216
53898,16-07-2019 10:30,1577.2316
53899,16-07-2019 10:45,1576.7538
53900,16-07-2019 11:00,1577.3585
53901,16-07-2019 11:15,1579.0448
53902,16-07-2019 11:30,1581.8275
53903,16-07-2019 11:45,1585.4358
53904,16-07-2019 12:00,1589.5144
53905,16-07-2019 12:15,1593.8352
53906,16-07-2019 12:30,1598.4757
53907,16-07-2019 12:45,1603.0974
53908,16-07-2019 13:00,1607.4937
53909,16-07-2019 13:15,1611.9491
53910,16-07-2019 13:30,1617.9636
53911,16-07-2019 13:45,1625.5347
53912,16-07-2019 14:00,1634.4928
53913,16-07-2019 14:15,1644.5232
53914,16-07-2019 14:30,1655.7482
53915,16-07-2019 14:45,1667.8212
53916,16-07-2019 15:00,1680.6283
53917,16-07-2019 15:15,1694.0314
53918,16-07-2019 15:30,1706.2264
53919,16-07-2019 15:45,1716.9104
53920,16-07-2019 16:00,1725.9307
53921,16-07-2019 16:15,1733.3499
53922,16-07-2019 16:30,1739.3774
53923,16-07-2019 16:45,1743.8098
53924,16-07-2019 17:00,1746.6099
53925,16-07-2019 17:15,1748.1632
53926,16-07-2019 17:30,1749.4769
53927,16-07-2019 17:45,1751.136
53928,16-07-2019 18:00,1753.1675
53929,16-07-2019 18:15,1754.7898
53930,16-07-2019 18:30,1754.6819
53931,16-07-2019 18:45,1751.3213
53932,16-07-2019 19:00,1743.9878
53933,16-07-2019 19:15,1733.3046
53934,16-07-2019 19:30,1720.7988
53935,16-07-2019 19:45,1708.0618
53936,16-07-2019 20:00,1696.0026
53937,16-07-2019 20:15,1685.1212
53938,16-07-2019 20:30,1675.6254
53939,16-07-2019 20:45,1668.0979
53940,16-07-2019 21:00,1663.1074
53941,16-07-2019 21:15,1660.9767
53942,16-07-2019 21:30,1661.5682
53943,16-07-2019 21:45,1664.4634
53944,16-07-2019 22:00,1669.0345
53945,16-07-2019 22:15,1674.589
53946,16-07-2019 22:30,1680.5153
53947,16-07-2019 22:45,1686.2916
53948,16-07-2019 23:00,1691.4534
53949,16-07-2019 23:15,1695.6372
53950,16-07-2019 23:30,1699.9427
53951,16-07-2019 23:45,1704.8591
53952,17-07-2019 00:00,1710.6116
53953,17-07-2019 00:15,1714.5695
53954,17-07-2019 00:30,1716.713
53955,17-07-2019 00:45,1716.6571
53956,17-07-2019 01:00,1714.2078
53957,17-07-2019 01:15,1709.1752
53958,17-07-2019 01:30,1701.3376
53959,17-07-2019 01:45,1690.0399
53960,17-07-2019 02:00,1674.5109
53961,17-07-2019 02:15,1654.1036
53962,17-07-2019 02:30,1629.3623
53963,17-07-2019 02:45,1601.2634
53964,17-07-2019 03:00,1571.1938
53965,17-07-2019 03:15,1540.7415
53966,17-07-2019 03:30,1510.4379
53967,17-07-2019 03:45,1481.1217
53968,17-07-2019 04:00,1453.3688
53969,17-07-2019 04:15,1427.6418
53970,17-07-2019 04:30,1403.8202
53971,17-07-2019 04:45,1381.9054
53972,17-07-2019 05:00,1361.776
53973,17-07-2019 05:15,1343.1992
53974,17-07-2019 05:30,1326.3639
53975,17-07-2019 05:45,1311.3895
53976,17-07-2019 06:00,1298.4639
53977,17-07-2019 06:15,1287.8079
53978,17-07-2019 06:30,1280.0093
53979,17-07-2019 06:45,1275.3112
53980,17-07-2019 07:00,1273.9244
53981,17-07-2019 07:15,1276.0436
53982,17-07-2019 07:30,1281.4689
53983,17-07-2019 07:45,1289.8993
53984,17-07-2019 08:00,1300.888
53985,17-07-2019 08:15,1313.8549
53986,17-07-2019 08:30,1328.1196
53987,17-07-2019 08:45,1343.133
53988,17-07-2019 09:00,1358.3876
53989,17-07-2019 09:15,1373.4342
53990,17-07-2019 09:30,1387.8921
53991,17-07-2019 09:45,1401.6312
53992,17-07-2019 10:00,1414.6543
53993,17-07-2019 10:15,1427.079
53994,17-07-2019 10:30,1439.0288
53995,17-07-2019 10:45,1450.6233
53996,17-07-2019 11:00,1461.947
53997,17-07-2019 11:15,1473.045
53998,17-07-2019 11:30,1483.793
53999,17-07-2019 11:45,1494.037
54000,17-07-2019 12:00,1503.7455
54001,17-07-2019 12:15,1513.2102
54002,17-07-2019 12:30,1523.3341
54003,17-07-2019 12:45,1534.2991
54004,17-07-2019 13:00,1545.0605
54005,17-07-2019 13:15,1555.6433
54006,17-07-2019 13:30,1566.9657
54007,17-07-2019 13:45,1580.1117
54008,17-07-2019 14:00,1593.3594
54009,17-07-2019 14:15,1606.8381
54010,17-07-2019 14:30,1622.5182
54011,17-07-2019 14:45,1640.1844
54012,17-07-2019 15:00,1659.1835
54013,17-07-2019 15:15,1678.884
54014,17-07-2019 15:30,1698.0507
54015,17-07-2019 15:45,1715.405
54016,17-07-2019 16:00,1729.7805
54017,17-07-2019 16:15,1740.5641
54018,17-07-2019 16:30,1748.1492
54019,17-07-2019 16:45,1752.2329
54020,17-07-2019 17:00,1752.7808
54021,17-07-2019 17:15,1750.5758
54022,17-07-2019 17:30,1747.6821
54023,17-07-2019 17:45,1744.5226
54024,17-07-2019 18:00,1741.4537
54025,17-07-2019 18:15,1738.6249
54026,17-07-2019 18:30,1735.8639
54027,17-07-2019 18:45,1732.1896
54028,17-07-2019 19:00,1726.9523
54029,17-07-2019 19:15,1720.122
54030,17-07-2019 19:30,1710.9393
54031,17-07-2019 19:45,1700.208
54032,17-07-2019 20:00,1689.0597
54033,17-07-2019 20:15,1678.8075
54034,17-07-2019 20:30,1670.8917
54035,17-07-2019 20:45,1665.7788
54036,17-07-2019 21:00,1663.28
54037,17-07-2019 21:15,1662.8329
54038,17-07-2019 21:30,1663.9058
54039,17-07-2019 21:45,1665.8055
54040,17-07-2019 22:00,1667.9021
54041,17-07-2019 22:15,1669.666
54042,17-07-2019 22:30,1670.702
54043,17-07-2019 22:45,1670.6173
54044,17-07-2019 23:00,1669.1754
54045,17-07-2019 23:15,1666.2777
54046,17-07-2019 23:30,1662.4226
54047,17-07-2019 23:45,1658.8903
54048,18-07-2019 00:00,1655.3776
54049,18-07-2019 00:15,1649.2008
54050,18-07-2019 00:30,1636.2283
54051,18-07-2019 00:45,1615.9838
54052,18-07-2019 01:00,1589.586
54053,18-07-2019 01:15,1558.5842
54054,18-07-2019 01:30,1525.0714
54055,18-07-2019 01:45,1490.2112
54056,18-07-2019 02:00,1454.9144
54057,18-07-2019 02:15,1420.1808
54058,18-07-2019 02:30,1385.4271
54059,18-07-2019 02:45,1351.1426
54060,18-07-2019 03:00,1317.7028
54061,18-07-2019 03:15,1285.3383
54062,18-07-2019 03:30,1254.73
54063,18-07-2019 03:45,1226.3704
54064,18-07-2019 04:00,1200.8693
54065,18-07-2019 04:15,1178.9631
54066,18-07-2019 04:30,1160.9364
54067,18-07-2019 04:45,1147.1952
54068,18-07-2019 05:00,1137.9707
54069,18-07-2019 05:15,1133.3447
54070,18-07-2019 05:30,1132.7803
54071,18-07-2019 05:45,1136.1797
54072,18-07-2019 06:00,1143.3511
54073,18-07-2019 06:15,1153.907
54074,18-07-2019 06:30,1167.6438
54075,18-07-2019 06:45,1183.7063
54076,18-07-2019 07:00,1201.1259
54077,18-07-2019 07:15,1219.002
54078,18-07-2019 07:30,1236.7491
54079,18-07-2019 07:45,1253.7725
54080,18-07-2019 08:00,1269.6096
54081,18-07-2019 08:15,1283.9396
54082,18-07-2019 08:30,1296.5516
54083,18-07-2019 08:45,1307.4923
54084,18-07-2019 09:00,1316.9198
54085,18-07-2019 09:15,1325.023
54086,18-07-2019 09:30,1331.8894
54087,18-07-2019 09:45,1337.7726
54088,18-07-2019 10:00,1342.9169
54089,18-07-2019 10:15,1347.557
54090,18-07-2019 10:30,1351.8872
54091,18-07-2019 10:45,1356.0176
54092,18-07-2019 11:00,1359.9918
54093,18-07-2019 11:15,1363.79
54094,18-07-2019 11:30,1367.6403
54095,18-07-2019 11:45,1371.5476
54096,18-07-2019 12:00,1375.5818
54097,18-07-2019 12:15,1379.9061
54098,18-07-2019 12:30,1384.3484
54099,18-07-2019 12:45,1388.884
54100,18-07-2019 13:00,1393.3724
54101,18-07-2019 13:15,1397.6245
54102,18-07-2019 13:30,1400.2198
54103,18-07-2019 13:45,1401.7257
54104,18-07-2019 14:00,1403.7876
54105,18-07-2019 14:15,1405.7661
54106,18-07-2019 14:30,1408.1362
54107,18-07-2019 14:45,1411.1804
54108,18-07-2019 15:00,1414.8286
54109,18-07-2019 15:15,1418.7189
54110,18-07-2019 15:30,1422.9432
54111,18-07-2019 15:45,1426.7942
54112,18-07-2019 16:00,1429.4916
54113,18-07-2019 16:15,1430.8428
54114,18-07-2019 16:30,1431.9723
54115,18-07-2019 16:45,1433.4608
54116,18-07-2019 17:00,1436.0175
54117,18-07-2019 17:15,1440.4344
54118,18-07-2019 17:30,1447.607
54119,18-07-2019 17:45,1457.3181
54120,18-07-2019 18:00,1468.9236
54121,18-07-2019 18:15,1481.5764
54122,18-07-2019 18:30,1494.2362
54123,18-07-2019 18:45,1506.1246
54124,18-07-2019 19:00,1516.4478
54125,18-07-2019 19:15,1524.353
54126,18-07-2019 19:30,1529.0138
54127,18-07-2019 19:45,1529.1477
54128,18-07-2019 20:00,1523.9882
54129,18-07-2019 20:15,1513.601
54130,18-07-2019 20:30,1498.5736
54131,18-07-2019 20:45,1479.4875
54132,18-07-2019 21:00,1457.0607
54133,18-07-2019 21:15,1431.6141
54134,18-07-2019 21:30,1404.0593
54135,18-07-2019 21:45,1375.2129
54136,18-07-2019 22:00,1345.8435
54137,18-07-2019 22:15,1316.8
54138,18-07-2019 22:30,1288.9308
54139,18-07-2019 22:45,1261.6967
54140,18-07-2019 23:00,1235.1439
54141,18-07-2019 23:15,1208.5275
54142,18-07-2019 23:30,1179.4062
54143,18-07-2019 23:45,1151.0521
63744,27-10-2019 00:00,1123.1263
63745,27-10-2019 00:15,1101.4496
63746,27-10-2019 00:30,1076.5552
63747,27-10-2019 00:45,1048.6655
63748,27-10-2019 01:00,1018.6918
63749,27-10-2019 01:15,987.9309
63750,27-10-2019 01:30,957.5846
63751,27-10-2019 01:45,928.40784
63752,27-10-2019 02:00,901.0282
63753,27-10-2019 02:15,875.98126
63754,27-10-2019 02:30,852.9376
63755,27-10-2019 02:45,831.1979
63756,27-10-2019 03:00,811.1588
63757,27-10-2019 03:15,794.63995
63758,27-10-2019 03:30,784.0313
63759,27-10-2019 03:45,781.03625
63760,27-10-2019 04:00,785.5913
63761,27-10-2019 04:15,796.9962
63762,27-10-2019 04:30,817.1717
63763,27-10-2019 04:45,850.71606
63764,27-10-2019 05:00,900.5358
63765,27-10-2019 05:15,963.5201
63766,27-10-2019 05:30,1031.9608
63767,27-10-2019 05:45,1098.4441
63768,27-10-2019 06:00,1158.6747
63769,27-10-2019 06:15,1210.7346
63770,27-10-2019 06:30,1254.5309
63771,27-10-2019 06:45,1290.9377
63772,27-10-2019 07:00,1320.6989
63773,27-10-2019 07:15,1344.1548
63774,27-10-2019 07:30,1362.3517
63775,27-10-2019 07:45,1376.9679
63776,27-10-2019 08:00,1389.5803
63777,27-10-2019 08:15,1400.9584
63778,27-10-2019 08:30,1410.8202
63779,27-10-2019 08:45,1419.104
63780,27-10-2019 09:00,1425.7944
63781,27-10-2019 09:15,1431.5735
63782,27-10-2019 09:30,1437.0315
63783,27-10-2019 09:45,1442.667
63784,27-10-2019 10:00,1448.8364
63785,27-10-2019 10:15,1455.6685
63786,27-10-2019 10:30,1463.1367
63787,27-10-2019 10:45,1471.0659
63788,27-10-2019 11:00,1479.3805
63789,27-10-2019 11:15,1488.7186
63790,27-10-2019 11:30,1500.1648
63791,27-10-2019 11:45,1513.2095
63792,27-10-2019 12:00,1526.4602
63793,27-10-2019 12:15,1539.157
63794,27-10-2019 12:30,1552.8639
63795,27-10-2019 12:45,1568.3237
63796,27-10-2019 13:00,1585.0038
63797,27-10-2019 13:15,1598.3462
63798,27-10-2019 13:30,1606.2117
63799,27-10-2019 13:45,1610.2947
63800,27-10-2019 14:00,1612.6091
63801,27-10-2019 14:15,1613.9595
63802,27-10-2019 14:30,1615.2178
63803,27-10-2019 14:45,1613.2954
63804,27-10-2019 15:00,1601.2705
63805,27-10-2019 15:15,1580.2095
63806,27-10-2019 15:30,1555.9199
63807,27-10-2019 15:45,1531.6335
63808,27-10-2019 16:00,1509.2147
63809,27-10-2019 16:15,1489.5973
63810,27-10-2019 16:30,1472.5077
63811,27-10-2019 16:45,1457.7312
63812,27-10-2019 17:00,1445.7129
63813,27-10-2019 17:15,1436.3442
63814,27-10-2019 17:30,1427.6135
63815,27-10-2019 17:45,1416.4136
63816,27-10-2019 18:00,1402.0626
63817,27-10-2019 18:15,1386.6217
63818,27-10-2019 18:30,1373.3865
63819,27-10-2019 18:45,1365.7252
63820,27-10-2019 19:00,1366.6537
63821,27-10-2019 19:15,1376.9792
63822,27-10-2019 19:30,1395.4645
63823,27-10-2019 19:45,1420.8096
63824,27-10-2019 20:00,1451.9957
63825,27-10-2019 20:15,1487.4977
63826,27-10-2019 20:30,1524.17
63827,27-10-2019 20:45,1555.727
63828,27-10-2019 21:00,1572.9171
63829,27-10-2019 21:15,1564.3549
63830,27-10-2019 21:30,1526.7507
63831,27-10-2019 21:45,1475.4867
63832,27-10-2019 22:00,1424.3358
63833,27-10-2019 22:15,1382.1141
63834,27-10-2019 22:30,1350.2992
63835,27-10-2019 22:45,1325.5895
63836,27-10-2019 23:00,1297.4446
63837,27-10-2019 23:15,1261.6844
63838,27-10-2019 23:30,1222.775
63839,27-10-2019 23:45,1178.2848
69984,31-12-2019 00:00,1128.7775
69985,31-12-2019 00:15,1073.2236
69986,31-12-2019 00:30,1019.32153
69987,31-12-2019 00:45,968.0825
69988,31-12-2019 01:00,920.6501
69989,31-12-2019 01:15,878.4287
69990,31-12-2019 01:30,842.42346
69991,31-12-2019 01:45,812.7483
69992,31-12-2019 02:00,788.7574
69993,31-12-2019 02:15,769.45917
69994,31-12-2019 02:30,753.7702
69995,31-12-2019 02:45,740.6951
69996,31-12-2019 03:00,729.72064
69997,31-12-2019 03:15,720.5371
69998,31-12-2019 03:30,713.07806
69999,31-12-2019 03:45,708.0372
70000,31-12-2019 04:00,706.5821
70001,31-12-2019 04:15,708.8429
70002,31-12-2019 04:30,712.9204
70003,31-12-2019 04:45,717.8664
70004,31-12-2019 05:00,723.3418
70005,31-12-2019 05:15,732.8389
70006,31-12-2019 05:30,751.6216
70007,31-12-2019 05:45,785.0901
70008,31-12-2019 06:00,837.0646
70009,31-12-2019 06:15,906.2256
70010,31-12-2019 06:30,985.23413
70011,31-12-2019 06:45,1075.9778
70012,31-12-2019 07:00,1180.3203
70013,31-12-2019 07:15,1288.9658
70014,31-12-2019 07:30,1400.3105
70015,31-12-2019 07:45,1515.1844
70016,31-12-2019 08:00,1625.4691
70017,31-12-2019 08:15,1714.1803
70018,31-12-2019 08:30,1784.391
70019,31-12-2019 08:45,1835.7949
70020,31-12-2019 09:00,1873.0138
70021,31-12-2019 09:15,1903.3167
70022,31-12-2019 09:30,1966.502
70023,31-12-2019 09:45,2022.6998
70024,31-12-2019 10:00,2054.6865
70025,31-12-2019 10:15,2085.9443
70026,31-12-2019 10:30,2083.3062
70027,31-12-2019 10:45,2069.766
70028,31-12-2019 11:00,2061.0803
70029,31-12-2019 11:15,2052.0686
70030,31-12-2019 11:30,2039.9557
70031,31-12-2019 11:45,2023.2144
70032,31-12-2019 12:00,1999.7194
70033,31-12-2019 12:15,1966.2722
70034,31-12-2019 12:30,1919.733
70035,31-12-2019 12:45,1863.81
70036,31-12-2019 13:00,1805.6431
70037,31-12-2019 13:15,1749.713
70038,31-12-2019 13:30,1698.7046
70039,31-12-2019 13:45,1654.2278
70040,31-12-2019 14:00,1616.5153
70041,31-12-2019 14:15,1585.3789
70042,31-12-2019 14:30,1559.641
70043,31-12-2019 14:45,1538.3456
70044,31-12-2019 15:00,1520.7507
70045,31-12-2019 15:15,1507.7258
70046,31-12-2019 15:30,1499.9434
70047,31-12-2019 15:45,1497.7607
70048,31-12-2019 16:00,1500.719
70049,31-12-2019 16:15,1507.7767
70050,31-12-2019 16:30,1517.8207
70051,31-12-2019 16:45,1530.1339
70052,31-12-2019 17:00,1543.7603
70053,31-12-2019 17:15,1557.4806
70054,31-12-2019 17:30,1570.6061
70055,31-12-2019 17:45,1582.4559
70056,31-12-2019 18:00,1592.4464
70057,31-12-2019 18:15,1600.0125
70058,31-12-2019 18:30,1604.9166
70059,31-12-2019 18:45,1606.9607
70060,31-12-2019 19:00,1606.1592
70061,31-12-2019 19:15,1602.7019
70062,31-12-2019 19:30,1596.8148
70063,31-12-2019 19:45,1588.3726
70064,31-12-2019 20:00,1576.9669
70065,31-12-2019 20:15,1562.5701
70066,31-12-2019 20:30,1545.7819
70067,31-12-2019 20:45,1527.3165
70068,31-12-2019 21:00,1507.4259
70069,31-12-2019 21:15,1485.3619
70070,31-12-2019 21:30,1460.6025
70071,31-12-2019 21:45,1433.1029
70072,31-12-2019 22:00,1402.6589
70073,31-12-2019 22:15,1368.7217
70074,31-12-2019 22:30,1331.4714
70075,31-12-2019 22:45,1291.6929
70076,31-12-2019 23:00,1249.205
70077,31-12-2019 23:15,1203.8253
70078,31-12-2019 23:30,1157.7655
70079,31-12-2019 23:45,1109.1896
70080,01-01-2020 00:00,1058.8549
70081,01-01-2020 00:15,1007.95807
70082,01-01-2020 00:30,959.01746
70083,01-01-2020 00:45,913.6105
70084,01-01-2020 01:00,873.292
70085,01-01-2020 01:15,839.1386
70086,01-01-2020 01:30,811.194
70087,01-01-2020 01:45,788.60394
70088,01-01-2020 02:00,770.45966
70089,01-01-2020 02:15,755.83484
70090,01-01-2020 02:30,743.8533
70091,01-01-2020 02:45,734.15155
70092,01-01-2020 03:00,726.8574
70093,01-01-2020 03:15,722.39014
70094,01-01-2020 03:30,721.36053
70095,01-01-2020 03:45,723.9289
70096,01-01-2020 04:00,730.30566
70097,01-01-2020 04:15,741.05396
70098,01-01-2020 04:30,758.1472
70099,01-01-2020 04:45,786.5052
70100,01-01-2020 05:00,824.5534
70101,01-01-2020 05:15,866.3782
70102,01-01-2020 05:30,912.40186
70103,01-01-2020 05:45,960.8966
70104,01-01-2020 06:00,1005.8654
70105,01-01-2020 06:15,1044.0199
70106,01-01-2020 06:30,1075.0781
70107,01-01-2020 06:45,1101.1417
70108,01-01-2020 07:00,1123.9497
70109,01-01-2020 07:15,1144.4049
70110,01-01-2020 07:30,1166.925
70111,01-01-2020 07:45,1193.2645
70112,01-01-2020 08:00,1215.6649
70113,01-01-2020 08:15,1224.8126
70114,01-01-2020 08:30,1225.8239
70115,01-01-2020 08:45,1226.6434
70116,01-01-2020 09:00,1232.8801
70117,01-01-2020 09:15,1257.598
70118,01-01-2020 09:30,1266.5728
70119,01-01-2020 09:45,1274.6382
70120,01-01-2020 10:00,1275.988
70121,01-01-2020 10:15,1274.7874
70122,01-01-2020 10:30,1273.509
70123,01-01-2020 10:45,1305.4089
70124,01-01-2020 11:00,1314.876
70125,01-01-2020 11:15,1298.7926
70126,01-01-2020 11:30,1281.136
70127,01-01-2020 11:45,1264.8412
70128,01-01-2020 12:00,1251.7887
70129,01-01-2020 12:15,1240.7034
70130,01-01-2020 12:30,1229.0394
70131,01-01-2020 12:45,1216.8872
70132,01-01-2020 13:00,1204.7844
70133,01-01-2020 13:15,1192.5837
70134,01-01-2020 13:30,1180.1742
70135,01-01-2020 13:45,1167.9037
70136,01-01-2020 14:00,1155.8282
70137,01-01-2020 14:15,1143.7582
70138,01-01-2020 14:30,1131.5023
70139,01-01-2020 14:45,1119.2937
70140,01-01-2020 15:00,1107.3542
70141,01-01-2020 15:15,1095.8593
70142,01-01-2020 15:30,1085.142
70143,01-01-2020 15:45,1075.475
70144,01-01-2020 16:00,1066.977
70145,01-01-2020 16:15,1059.4604
70146,01-01-2020 16:30,1052.6837
70147,01-01-2020 16:45,1046.5841
70148,01-01-2020 17:00,1041.1498
70149,01-01-2020 17:15,1036.4216
70150,01-01-2020 17:30,1032.45
70151,01-01-2020 17:45,1029.1719
70152,01-01-2020 18:00,1026.6306
70153,01-01-2020 18:15,1024.9248
70154,01-01-2020 18:30,1024.2109
70155,01-01-2020 18:45,1024.4989
70156,01-01-2020 19:00,1025.3212
70157,01-01-2020 19:15,1025.5679
70158,01-01-2020 19:30,1024.0996
70159,01-01-2020 19:45,1020.4929
70160,01-01-2020 20:00,1014.9175
70161,01-01-2020 20:15,1008.0914
70162,01-01-2020 20:30,1001.12537
70163,01-01-2020 20:45,995.12775
70164,01-01-2020 21:00,991.1546
70165,01-01-2020 21:15,990.0521
70166,01-01-2020 21:30,992.6952
70167,01-01-2020 21:45,996.6469
70168,01-01-2020 22:00,996.3331
70169,01-01-2020 22:15,989.83453
70170,01-01-2020 22:30,970.7288
70171,01-01-2020 22:45,930.26337
70172,01-01-2020 23:00,930.37
70173,01-01-2020 23:15,936.57416
70174,01-01-2020 23:30,951.154
70175,01-01-2020 23:45,948.00635
77856,22-03-2020 00:00,960.02576
77857,22-03-2020 00:15,939.8533
77858,22-03-2020 00:30,921.6585
77859,22-03-2020 00:45,905.5775
77860,22-03-2020 01:00,891.57733
77861,22-03-2020 01:15,879.5059
77862,22-03-2020 01:30,869.32715
77863,22-03-2020 01:45,861.1354
77864,22-03-2020 02:00,855.15936
77865,22-03-2020 02:15,851.57446
77866,22-03-2020 02:30,850.5605
77867,22-03-2020 02:45,851.8645
77868,22-03-2020 03:00,854.45856
77869,22-03-2020 03:15,857.4011
77870,22-03-2020 03:30,860.79724
77871,22-03-2020 03:45,865.8784
77872,22-03-2020 04:00,873.65424
77873,22-03-2020 04:15,884.33936
77874,22-03-2020 04:30,897.46844
77875,22-03-2020 04:45,912.95825
77876,22-03-2020 05:00,931.2288
77877,22-03-2020 05:15,953.1457
77878,22-03-2020 05:30,979.7934
77879,22-03-2020 05:45,1011.8636
77880,22-03-2020 06:00,1048.5887
77881,22-03-2020 06:15,1088.7792
77882,22-03-2020 06:30,1129.422
77883,22-03-2020 06:45,1163.2625
77884,22-03-2020 07:00,1190.8795
77885,22-03-2020 07:15,1215.8364
77886,22-03-2020 07:30,1238.3893
77887,22-03-2020 07:45,1258.6724
77888,22-03-2020 08:00,1276.7244
77889,22-03-2020 08:15,1292.7445
77890,22-03-2020 08:30,1306.519
77891,22-03-2020 08:45,1318.5902
77892,22-03-2020 09:00,1329.6204
77893,22-03-2020 09:15,1340.3667
77894,22-03-2020 09:30,1350.85
77895,22-03-2020 09:45,1361.2657
77896,22-03-2020 10:00,1371.4768
77897,22-03-2020 10:15,1381.2301
77898,22-03-2020 10:30,1390.3591
77899,22-03-2020 10:45,1398.3119
77900,22-03-2020 11:00,1404.5873
77901,22-03-2020 11:15,1409.2766
77902,22-03-2020 11:30,1413.2472
77903,22-03-2020 11:45,1417.2599
77904,22-03-2020 12:00,1422.1285
77905,22-03-2020 12:15,1427.8052
77906,22-03-2020 12:30,1432.6721
77907,22-03-2020 12:45,1435.8911
77908,22-03-2020 13:00,1437.6414
77909,22-03-2020 13:15,1438.45
77910,22-03-2020 13:30,1438.837
77911,22-03-2020 13:45,1438.8767
77912,22-03-2020 14:00,1438.4347
77913,22-03-2020 14:15,1437.5513
77914,22-03-2020 14:30,1436.5002
77915,22-03-2020 14:45,1435.9968
77916,22-03-2020 15:00,1436.6454
77917,22-03-2020 15:15,1438.7153
77918,22-03-2020 15:30,1442.0034
77919,22-03-2020 15:45,1446.4386
77920,22-03-2020 16:00,1451.7076
77921,22-03-2020 16:15,1457.3982
77922,22-03-2020 16:30,1463.1943
77923,22-03-2020 16:45,1468.8063
77924,22-03-2020 17:00,1473.9114
77925,22-03-2020 17:15,1478.1571
77926,22-03-2020 17:30,1481.2417
77927,22-03-2020 17:45,1482.9818
77928,22-03-2020 18:00,1483.2045
77929,22-03-2020 18:15,1481.8254
77930,22-03-2020 18:30,1478.9745
77931,22-03-2020 18:45,1474.4133
77932,22-03-2020 19:00,1467.822
77933,22-03-2020 19:15,1459.2194
77934,22-03-2020 19:30,1450.0227
77935,22-03-2020 19:45,1440.2488
77936,22-03-2020 20:00,1429.7384
77937,22-03-2020 20:15,1418.0605
77938,22-03-2020 20:30,1404.2084
77939,22-03-2020 20:45,1388.6554
77940,22-03-2020 21:00,1372.2339
77941,22-03-2020 21:15,1355.2852
77942,22-03-2020 21:30,1336.4348
77943,22-03-2020 21:45,1316.5575
77944,22-03-2020 22:00,1296.6576
77945,22-03-2020 22:15,1277.5741
77946,22-03-2020 22:30,1259.4789
77947,22-03-2020 22:45,1243.0817
77948,22-03-2020 23:00,1228.5676
77949,22-03-2020 23:15,1215.3988
77950,22-03-2020 23:30,1206.2286
77951,22-03-2020 23:45,1199.8143
96768,05-10-2020 00:00,1192.3026
96769,05-10-2020 00:15,1177.7148
96770,05-10-2020 00:30,1162.2676
96771,05-10-2020 00:45,1146.2042
96772,05-10-2020 01:00,1130.4412
96773,05-10-2020 01:15,1116.1244
96774,05-10-2020 01:30,1104.1254
96775,05-10-2020 01:45,1095.065
96776,05-10-2020 02:00,1089.2128
96777,05-10-2020 02:15,1086.6156
96778,05-10-2020 02:30,1087.2482
96779,05-10-2020 02:45,1090.9823
96780,05-10-2020 03:00,1097.6101
96781,05-10-2020 03:15,1106.7775
96782,05-10-2020 03:30,1118.1382
96783,05-10-2020 03:45,1131.1948
96784,05-10-2020 04:00,1145.2476
96785,05-10-2020 04:15,1159.4084
96786,05-10-2020 04:30,1173.0619
96787,05-10-2020 04:45,1186.0529
96788,05-10-2020 05:00,1198.6874
96789,05-10-2020 05:15,1211.2709
96790,05-10-2020 05:30,1223.7845
96791,05-10-2020 05:45,1236.0837
96792,05-10-2020 06:00,1247.9292
96793,05-10-2020 06:15,1259.2255
96794,05-10-2020 06:30,1269.912
96795,05-10-2020 06:45,1280.0116
96796,05-10-2020 07:00,1289.6235
96797,05-10-2020 07:15,1298.9144
96798,05-10-2020 07:30,1307.9368
96799,05-10-2020 07:45,1316.604
96800,05-10-2020 08:00,1324.8473
96801,05-10-2020 08:15,1332.5503
96802,05-10-2020 08:30,1339.677
96803,05-10-2020 08:45,1346.431
96804,05-10-2020 09:00,1352.9142
96805,05-10-2020 09:15,1359.2428
96806,05-10-2020 09:30,1365.9513
96807,05-10-2020 09:45,1373.3765
96808,05-10-2020 10:00,1381.3359
96809,05-10-2020 10:15,1389.6722
96810,05-10-2020 10:30,1397.9052
96811,05-10-2020 10:45,1404.3192
96812,05-10-2020 11:00,1408.0452
96813,05-10-2020 11:15,1409.1882
96814,05-10-2020 11:30,1408.1022
96815,05-10-2020 11:45,1405.3849
96816,05-10-2020 12:00,1402.0361
96817,05-10-2020 12:15,1399.1565
96818,05-10-2020 12:30,1397.5623
96819,05-10-2020 12:45,1397.3076
96820,05-10-2020 13:00,1398.2223
96821,05-10-2020 13:15,1400.1873
96822,05-10-2020 13:30,1403.0623
96823,05-10-2020 13:45,1406.6482
96824,05-10-2020 14:00,1410.6024
96825,05-10-2020 14:15,1414.5757
96826,05-10-2020 14:30,1418.2183
96827,05-10-2020 14:45,1421.6038
96828,05-10-2020 15:00,1425.0074
96829,05-10-2020 15:15,1428.7114
96830,05-10-2020 15:30,1432.905
96831,05-10-2020 15:45,1437.8674
96832,05-10-2020 16:00,1443.709
96833,05-10-2020 16:15,1450.3704
96834,05-10-2020 16:30,1457.7252
96835,05-10-2020 16:45,1465.6855
96836,05-10-2020 17:00,1474.1558
96837,05-10-2020 17:15,1482.9893
96838,05-10-2020 17:30,1491.7941
96839,05-10-2020 17:45,1500.2086
96840,05-10-2020 18:00,1507.8551
96841,05-10-2020 18:15,1514.4795
96842,05-10-2020 18:30,1520.0686
96843,05-10-2020 18:45,1524.3381
96844,05-10-2020 19:00,1526.9218
96845,05-10-2020 19:15,1527.3872
96846,05-10-2020 19:30,1525.5525
96847,05-10-2020 19:45,1521.0175
96848,05-10-2020 20:00,1513.4429
96849,05-10-2020 20:15,1502.604
96850,05-10-2020 20:30,1487.9196
96851,05-10-2020 20:45,1469.2733
96852,05-10-2020 21:00,1446.6896
96853,05-10-2020 21:15,1420.6421
96854,05-10-2020 21:30,1391.5043
96855,05-10-2020 21:45,1360.3933
96856,05-10-2020 22:00,1328.6521
96857,05-10-2020 22:15,1297.587
96858,05-10-2020 22:30,1268.0437
96859,05-10-2020 22:45,1241.4937
96860,05-10-2020 23:00,1218.5586
96861,05-10-2020 23:15,1196.3762
96862,05-10-2020 23:30,1172.7778
96863,05-10-2020 23:45,1150.5531
96864,06-10-2020 00:00,1132.6063
96865,06-10-2020 00:15,1124.5817
96866,06-10-2020 00:30,1117.6038
96867,06-10-2020 00:45,1110.0355
96868,06-10-2020 01:00,1100.5978
96869,06-10-2020 01:15,1088.785
96870,06-10-2020 01:30,1075.2134
96871,06-10-2020 01:45,1061.7811
96872,06-10-2020 02:00,1050.6493
96873,06-10-2020 02:15,1043.334
96874,06-10-2020 02:30,1040.427
96875,06-10-2020 02:45,1041.9891
96876,06-10-2020 03:00,1047.9264
96877,06-10-2020 03:15,1058.0402
96878,06-10-2020 03:30,1071.9253
96879,06-10-2020 03:45,1088.9401
96880,06-10-2020 04:00,1108.2781
96881,06-10-2020 04:15,1129.0962
96882,06-10-2020 04:30,1150.766
96883,06-10-2020 04:45,1172.7609
96884,06-10-2020 05:00,1194.562
96885,06-10-2020 05:15,1215.3219
96886,06-10-2020 05:30,1233.7867
96887,06-10-2020 05:45,1249.7156
96888,06-10-2020 06:00,1263.6859
96889,06-10-2020 06:15,1276.1962
96890,06-10-2020 06:30,1287.2833
96891,06-10-2020 06:45,1296.971
96892,06-10-2020 07:00,1305.4646
96893,06-10-2020 07:15,1313.4363
96894,06-10-2020 07:30,1321.1886
96895,06-10-2020 07:45,1328.7213
96896,06-10-2020 08:00,1335.873
96897,06-10-2020 08:15,1342.4363
96898,06-10-2020 08:30,1348.3333
96899,06-10-2020 08:45,1353.8644
96900,06-10-2020 09:00,1359.133
96901,06-10-2020 09:15,1364.2574
96902,06-10-2020 09:30,1369.6586
96903,06-10-2020 09:45,1375.531
96904,06-10-2020 10:00,1381.5317
96905,06-10-2020 10:15,1387.2517
96906,06-10-2020 10:30,1392.095
96907,06-10-2020 10:45,1395.1636
96908,06-10-2020 11:00,1395.7764
96909,06-10-2020 11:15,1393.9354
96910,06-10-2020 11:30,1390.154
96911,06-10-2020 11:45,1385.1298
96912,06-10-2020 12:00,1379.5983
96913,06-10-2020 12:15,1374.222
96914,06-10-2020 12:30,1369.4344
96915,06-10-2020 12:45,1365.4602
96916,06-10-2020 13:00,1362.31
96917,06-10-2020 13:15,1359.8905
96918,06-10-2020 13:30,1357.8832
96919,06-10-2020 13:45,1355.9875
96920,06-10-2020 14:00,1353.9683
96921,06-10-2020 14:15,1351.9084
96922,06-10-2020 14:30,1350.4797
96923,06-10-2020 14:45,1350.0881
96924,06-10-2020 15:00,1350.9956
96925,06-10-2020 15:15,1353.1688
96926,06-10-2020 15:30,1356.1775
96927,06-10-2020 15:45,1360.2292
96928,06-10-2020 16:00,1365.6675
96929,06-10-2020 16:15,1372.7433
96930,06-10-2020 16:30,1381.0609
96931,06-10-2020 16:45,1390.1372
96932,06-10-2020 17:00,1399.0427
96933,06-10-2020 17:15,1406.8994
96934,06-10-2020 17:30,1413.2778
96935,06-10-2020 17:45,1417.5819
96936,06-10-2020 18:00,1419.8767
96937,06-10-2020 18:15,1420.956
96938,06-10-2020 18:30,1421.5764
96939,06-10-2020 18:45,1422.0076
96940,06-10-2020 19:00,1421.9446
96941,06-10-2020 19:15,1420.6997
96942,06-10-2020 19:30,1417.9219
96943,06-10-2020 19:45,1413.4244
96944,06-10-2020 20:00,1407.0707
96945,06-10-2020 20:15,1398.4915
96946,06-10-2020 20:30,1386.4552
96947,06-10-2020 20:45,1370.3751
96948,06-10-2020 21:00,1350.1841
96949,06-10-2020 21:15,1326.6636
96950,06-10-2020 21:30,1301.2499
96951,06-10-2020 21:45,1275.1437
96952,06-10-2020 22:00,1249.2701
96953,06-10-2020 22:15,1224.3215
96954,06-10-2020 22:30,1200.6301
96955,06-10-2020 22:45,1178.835
96956,06-10-2020 23:00,1159.8236
96957,06-10-2020 23:15,1143.2174
96958,06-10-2020 23:30,1124.075
96959,06-10-2020 23:45,1108.4844
96960,07-10-2020 00:00,1096.0562
96961,07-10-2020 00:15,1083.3356
96962,07-10-2020 00:30,1069.2705
96963,07-10-2020 00:45,1053.3306
96964,07-10-2020 01:00,1035.6361
96965,07-10-2020 01:15,1017.07666
96966,07-10-2020 01:30,998.5143
96967,07-10-2020 01:45,980.1168
96968,07-10-2020 02:00,961.78394
96969,07-10-2020 02:15,943.4648
96970,07-10-2020 02:30,925.2632
96971,07-10-2020 02:45,907.85455
96972,07-10-2020 03:00,892.9832
96973,07-10-2020 03:15,883.11523
96974,07-10-2020 03:30,880.17444
96975,07-10-2020 03:45,885.47034
96976,07-10-2020 04:00,901.6658
96977,07-10-2020 04:15,932.2494
96978,07-10-2020 04:30,976.8868
96979,07-10-2020 04:45,1029.6171
96980,07-10-2020 05:00,1082.9323
96981,07-10-2020 05:15,1131.9594
96982,07-10-2020 05:30,1174.1287
96983,07-10-2020 05:45,1208.8477
96984,07-10-2020 06:00,1236.2438
96985,07-10-2020 06:15,1257.5122
96986,07-10-2020 06:30,1274.4789
96987,07-10-2020 06:45,1288.6272
96988,07-10-2020 07:00,1300.6719
96989,07-10-2020 07:15,1310.8799
96990,07-10-2020 07:30,1319.5409
96991,07-10-2020 07:45,1327.0042
96992,07-10-2020 08:00,1333.5637
96993,07-10-2020 08:15,1339.4783
96994,07-10-2020 08:30,1344.7817
96995,07-10-2020 08:45,1349.1976
96996,07-10-2020 09:00,1352.7036
96997,07-10-2020 09:15,1355.6125
96998,07-10-2020 09:30,1358.0782
96999,07-10-2020 09:45,1360.4883
97000,07-10-2020 10:00,1362.9954
97001,07-10-2020 10:15,1364.0817
97002,07-10-2020 10:30,1364.5846
97003,07-10-2020 10:45,1364.8444
97004,07-10-2020 11:00,1364.9908
97005,07-10-2020 11:15,1365.1903
97006,07-10-2020 11:30,1365.6337
97007,07-10-2020 11:45,1366.399
97008,07-10-2020 12:00,1367.4855
97009,07-10-2020 12:15,1368.8616
97010,07-10-2020 12:30,1370.3025
97011,07-10-2020 12:45,1371.4458
97012,07-10-2020 13:00,1372.3527
97013,07-10-2020 13:15,1372.3049
97014,07-10-2020 13:30,1369.3344
97015,07-10-2020 13:45,1362.2266
97016,07-10-2020 14:00,1350.7351
97017,07-10-2020 14:15,1334.9979
97018,07-10-2020 14:30,1315.3492
97019,07-10-2020 14:45,1292.3434
97020,07-10-2020 15:00,1266.823
97021,07-10-2020 15:15,1240.038
97022,07-10-2020 15:30,1213.8843
97023,07-10-2020 15:45,1190.0383
97024,07-10-2020 16:00,1168.9459
97025,07-10-2020 16:15,1150.2772
97026,07-10-2020 16:30,1135.4694
97027,07-10-2020 16:45,1123.9979
97028,07-10-2020 17:00,1114.7255
97029,07-10-2020 17:15,1107.2288
97030,07-10-2020 17:30,1101.3771
97031,07-10-2020 17:45,1097.2494
97032,07-10-2020 18:00,1095.0931
97033,07-10-2020 18:15,1095.8265
97034,07-10-2020 18:30,1101.0282
97035,07-10-2020 18:45,1112.5393
97036,07-10-2020 19:00,1131.3799
97037,07-10-2020 19:15,1156.463
97038,07-10-2020 19:30,1185.2731
97039,07-10-2020 19:45,1200.5614
97040,07-10-2020 20:00,1193.6373
97041,07-10-2020 20:15,1174.8073
97042,07-10-2020 20:30,1152.3435
97043,07-10-2020 20:45,1130.7131
97044,07-10-2020 21:00,1110.564
97045,07-10-2020 21:15,1090.4225
97046,07-10-2020 21:30,1068.297
97047,07-10-2020 21:45,1042.6672
97048,07-10-2020 22:00,1012.86273
97049,07-10-2020 22:15,979.2543
97050,07-10-2020 22:30,943.2348
97051,07-10-2020 22:45,906.56616
97052,07-10-2020 23:00,871.0093
97053,07-10-2020 23:15,837.6194
97054,07-10-2020 23:30,802.2918
97055,07-10-2020 23:45,762.54645
103392,13-12-2020 00:00,732.9625
103393,13-12-2020 00:15,715.05536
103394,13-12-2020 00:30,700.5231
103395,13-12-2020 00:45,688.711
103396,13-12-2020 01:00,679.00006
103397,13-12-2020 01:15,670.86786
103398,13-12-2020 01:30,663.8041
103399,13-12-2020 01:45,657.3204
103400,13-12-2020 02:00,651.168
103401,13-12-2020 02:15,645.26215
103402,13-12-2020 02:30,639.87805
103403,13-12-2020 02:45,635.7275
103404,13-12-2020 03:00,633.5294
103405,13-12-2020 03:15,634.441
103406,13-12-2020 03:30,639.79346
103407,13-12-2020 03:45,649.5059
103408,13-12-2020 04:00,664.2605
103409,13-12-2020 04:15,685.8002
103410,13-12-2020 04:30,715.2788
103411,13-12-2020 04:45,752.9187
103412,13-12-2020 05:00,799.6365
103413,13-12-2020 05:15,857.33594
103414,13-12-2020 05:30,927.9927
103415,13-12-2020 05:45,1013.84705
103416,13-12-2020 06:00,1114.0786
103417,13-12-2020 06:15,1222.0674
103418,13-12-2020 06:30,1326.0486
103419,13-12-2020 06:45,1416.5979
103420,13-12-2020 07:00,1489.2888
103421,13-12-2020 07:15,1545.0486
103422,13-12-2020 07:30,1590.4989
103423,13-12-2020 07:45,1632.7538
103424,13-12-2020 08:00,1667.0847
103425,13-12-2020 08:15,1694.1251
103426,13-12-2020 08:30,1720.3645
103427,13-12-2020 08:45,1740.5457
103428,13-12-2020 09:00,1748.1617
103429,13-12-2020 09:15,1751.2478
103430,13-12-2020 09:30,1751.9318
103431,13-12-2020 09:45,1748.9607
103432,13-12-2020 10:00,1738.9622
103433,13-12-2020 10:15,1730.3491
103434,13-12-2020 10:30,1721.882
103435,13-12-2020 10:45,1712.5261
103436,13-12-2020 11:00,1698.8972
103437,13-12-2020 11:15,1678.9602
103438,13-12-2020 11:30,1653.7245
103439,13-12-2020 11:45,1624.6188
103440,13-12-2020 12:00,1592.7798
103441,13-12-2020 12:15,1559.1818
103442,13-12-2020 12:30,1524.4626
103443,13-12-2020 12:45,1489.2896
103444,13-12-2020 13:00,1454.8337
103445,13-12-2020 13:15,1422.5604
103446,13-12-2020 13:30,1393.6324
103447,13-12-2020 13:45,1368.4425
103448,13-12-2020 14:00,1346.6302
103449,13-12-2020 14:15,1327.4084
103450,13-12-2020 14:30,1309.8904
103451,13-12-2020 14:45,1292.3545
103452,13-12-2020 15:00,1273.431
103453,13-12-2020 15:15,1258.2777
103454,13-12-2020 15:30,1246.2675
103455,13-12-2020 15:45,1236.4724
103456,13-12-2020 16:00,1229.0322
103457,13-12-2020 16:15,1224.5504
103458,13-12-2020 16:30,1223.7812
103459,13-12-2020 16:45,1227.5228
103460,13-12-2020 17:00,1237.1764
103461,13-12-2020 17:15,1258.875
103462,13-12-2020 17:30,1291.2947
103463,13-12-2020 17:45,1326.9128
103464,13-12-2020 18:00,1361.0447
103465,13-12-2020 18:15,1389.8131
103466,13-12-2020 18:30,1411.228
103467,13-12-2020 18:45,1424.7706
103468,13-12-2020 19:00,1431.0509
103469,13-12-2020 19:15,1431.2522
103470,13-12-2020 19:30,1426.7487
103471,13-12-2020 19:45,1418.8666
103472,13-12-2020 20:00,1408.7375
103473,13-12-2020 20:15,1397.1993
103474,13-12-2020 20:30,1384.7734
103475,13-12-2020 20:45,1371.7179
103476,13-12-2020 21:00,1358.0415
103477,13-12-2020 21:15,1343.293
103478,13-12-2020 21:30,1326.0306
103479,13-12-2020 21:45,1304.3926
103480,13-12-2020 22:00,1276.5131
103481,13-12-2020 22:15,1241.833
103482,13-12-2020 22:30,1201.66
103483,13-12-2020 22:45,1157.6097
103484,13-12-2020 23:00,1110.5471
103485,13-12-2020 23:15,1061.1556
103486,13-12-2020 23:30,1011.2881
103487,13-12-2020 23:45,961.53107
